{"loss": 0.36200621724128723, "_runtime": 71, "_timestamp": 1623154068, "_step": 99, "gradients/fc1.bias": {"_type": "histogram", "values": [2.0, 0.0, 0.0, 0.0, 0.0, 0.0, 0.0, 0.0, 0.0, 0.0, 0.0, 0.0, 0.0, 0.0, 0.0, 0.0, 0.0, 0.0, 0.0, 0.0, 0.0, 0.0, 0.0, 0.0, 0.0, 0.0, 0.0, 0.0, 1.0, 1.0, 1.0, 1.0, 0.0, 0.0, 1.0, 0.0, 0.0, 0.0, 1.0, 0.0, 0.0, 1.0, 0.0, 0.0, 0.0, 0.0, 0.0, 0.0, 0.0, 0.0, 0.0, 0.0, 0.0, 0.0, 0.0, 0.0, 0.0, 0.0, 0.0, 0.0, 0.0, 0.0, 0.0, 1.0], "bins": [-0.01647939719259739, -0.015928685665130615, -0.01537797600030899, -0.014827264472842216, -0.014276553876698017, -0.013725843280553818, -0.013175131753087044, -0.012624421156942844, -0.012073710560798645, -0.011522999964654446, -0.010972289368510246, -0.010421577841043472, -0.009870867244899273, -0.009320156648755074, -0.0087694451212883, -0.0082187345251441, -0.007668023928999901, -0.0071173133328557014, -0.006566602271050215, -0.006015891209244728, -0.005465180613100529, -0.004914470016956329, -0.004363758955150843, -0.0038130481261759996, -0.0032623372972011566, -0.0027116264682263136, -0.0021609156392514706, -0.0016102048102766275, -0.0010594939813017845, -0.0005087831523269415, 4.1927676647901535e-05, 0.0005926385056227446, 0.0011433474719524384, 0.0016940583009272814, 0.0022447691299021244, 0.0027954799588769674, 0.0033461907878518105, 0.0038969016168266535, 0.0044476124458014965, 0.004998323507606983, 0.0055490341037511826, 0.006099744699895382, 0.006650455761700869, 0.007201166823506355, 0.007751877419650555, 0.008302588015794754, 0.008853299543261528, 0.009404010139405727, 0.009954720735549927, 0.010505431331694126, 0.011056141927838326, 0.0116068534553051, 0.012157564051449299, 0.012708274647593498, 0.013258986175060272, 0.013809696771204472, 0.014360407367348671, 0.01491111796349287, 0.01546182855963707, 0.016012540087103844, 0.016563251614570618, 0.017113961279392242, 0.017664672806859016, 0.01821538247168064, 0.018766093999147415]}, "gradients/fc1.weight": {"_type": "histogram", "values": [1.0, 3.0, 0.0, 0.0, 1.0, 0.0, 1.0, 0.0, 1.0, 0.0, 0.0, 1.0, 0.0, 0.0, 2.0, 1.0, 3.0, 2.0, 2.0, 1.0, 2.0, 3.0, 3.0, 7.0, 10.0, 4.0, 7.0, 6.0, 5.0, 17.0, 15.0, 20.0, 9927.0, 60.0, 32.0, 30.0, 13.0, 11.0, 8.0, 5.0, 4.0, 5.0, 3.0, 1.0, 5.0, 5.0, 2.0, 3.0, 0.0, 1.0, 2.0, 2.0, 0.0, 0.0, 0.0, 0.0, 1.0, 0.0, 1.0, 0.0, 0.0, 0.0, 0.0, 1.0], "bins": [-0.051122091710567474, -0.04955803602933884, -0.0479939840734005, -0.04642992839217186, -0.04486587643623352, -0.04330182075500488, -0.041737768799066544, -0.040173713117837906, -0.03860966116189957, -0.03704560548067093, -0.03548155352473259, -0.03391749784350395, -0.03235344588756561, -0.030789390206336975, -0.029225338250398636, -0.027661282569169998, -0.02609722875058651, -0.02453317493200302, -0.022969121113419533, -0.021405067294836044, -0.019841013476252556, -0.018276959657669067, -0.01671290397644043, -0.015148851089179516, -0.013584796339273453, -0.012020742520689964, -0.010456688702106476, -0.008892634883522987, -0.007328580599278212, -0.005764526315033436, -0.004200472496449947, -0.002636418677866459, -0.001072365790605545, 0.0004916881443932652, 0.0020557420793920755, 0.0036197961308062077, 0.005183849949389696, 0.006747904233634472, 0.00831195805221796, 0.009876011870801449, 0.011440064758062363, 0.013004118576645851, 0.01456817239522934, 0.016132226213812828, 0.017696280032396317, 0.019260335713624954, 0.020824387669563293, 0.02238844335079193, 0.02395249716937542, 0.025516550987958908, 0.027080604806542397, 0.028644658625125885, 0.030208712443709373, 0.03177276626229286, 0.0333368219435215, 0.03490087389945984, 0.03646492958068848, 0.038028985261917114, 0.039593037217855453, 0.04115709289908409, 0.04272114485502243, 0.04428520053625107, 0.04584925249218941, 0.047413308173418045, 0.048977360129356384]}, "gradients/conv2.bias": {"_type": "histogram", "values": [1.0, 0.0, 0.0, 0.0, 0.0, 0.0, 0.0, 0.0, 0.0, 0.0, 0.0, 1.0, 0.0, 0.0, 0.0, 0.0, 0.0, 0.0, 0.0, 0.0, 1.0, 0.0, 0.0, 0.0, 0.0, 0.0, 0.0, 0.0, 0.0, 0.0, 0.0, 0.0, 0.0, 0.0, 0.0, 57.0, 1.0, 0.0, 0.0, 0.0, 0.0, 0.0, 1.0, 1.0, 0.0, 0.0, 0.0, 0.0, 0.0, 0.0, 0.0, 0.0, 0.0, 0.0, 0.0, 0.0, 0.0, 0.0, 0.0, 0.0, 0.0, 0.0, 0.0, 1.0], "bins": [-0.10239069908857346, -0.09947482496500015, -0.09655894339084625, -0.09364306926727295, -0.09072718769311905, -0.08781131356954575, -0.08489543199539185, -0.08197955787181854, -0.07906368374824524, -0.07614780962467194, -0.07323192805051804, -0.07031605392694473, -0.06740017235279083, -0.06448429822921753, -0.06156842038035393, -0.058652542531490326, -0.055736660957336426, -0.052820783108472824, -0.04990490525960922, -0.04698903113603592, -0.04407314956188202, -0.041157275438308716, -0.038241397589445114, -0.03532551974058151, -0.03240964561700821, -0.029493767768144608, -0.026577889919281006, -0.023662013933062553, -0.02074613608419895, -0.01783025823533535, -0.014914382249116898, -0.011998504400253296, -0.009082630276679993, -0.006166752893477678, -0.003250875510275364, -0.00033499859273433685, 0.002580879256129265, 0.0054967571049928665, 0.008412633091211319, 0.01132851094007492, 0.01424439251422882, 0.017160270363092422, 0.020076148211956024, 0.022992024198174477, 0.02590790204703808, 0.02882377989590168, 0.03173965588212013, 0.034655533730983734, 0.03757140785455704, 0.04048728570342064, 0.04340316355228424, 0.046319037675857544, 0.049234919250011444, 0.05215079337358475, 0.05506667122244835, 0.05798254907131195, 0.06089842692017555, 0.06381430476903915, 0.06673017889261246, 0.06964606046676636, 0.07256193459033966, 0.07547781616449356, 0.07839369028806686, 0.08130957186222076, 0.08422544598579407]}, "gradients/conv2.weight": {"_type": "histogram", "values": [1.0, 0.0, 0.0, 1.0, 0.0, 0.0, 0.0, 1.0, 0.0, 0.0, 0.0, 1.0, 0.0, 0.0, 2.0, 1.0, 0.0, 0.0, 0.0, 0.0, 1.0, 3.0, 0.0, 2.0, 1.0, 2.0, 2.0, 1.0, 0.0, 3.0, 1.0, 3.0, 4.0, 4.0, 3.0, 6.0, 5.0, 11.0, 5.0, 11.0, 11.0, 18.0, 20.0, 50991.0, 35.0, 17.0, 9.0, 9.0, 3.0, 2.0, 1.0, 3.0, 1.0, 2.0, 0.0, 0.0, 0.0, 0.0, 0.0, 1.0, 1.0, 0.0, 0.0, 1.0], "bins": [-0.13033434748649597, -0.12733793258666992, -0.12434152513742447, -0.12134511023759842, -0.11834870278835297, -0.11535228788852692, -0.11235588043928146, -0.10935946553945541, -0.10636305809020996, -0.10336664319038391, -0.10037023574113846, -0.09737382084131241, -0.09437741339206696, -0.0913809984922409, -0.08838459104299545, -0.0853881761431694, -0.08239176869392395, -0.0793953537940979, -0.07639894634485245, -0.0734025314450264, -0.07040612399578094, -0.0674097090959549, -0.06441330164670944, -0.06141688674688339, -0.05842047184705734, -0.05542406067252159, -0.05242764949798584, -0.04943123832345009, -0.04643482714891434, -0.043438415974378586, -0.040442004799842834, -0.037445589900016785, -0.03444918617606163, -0.03145277500152588, -0.028456363826990128, -0.025459952652454376, -0.022463541477918625, -0.019467130303382874, -0.016470717266201973, -0.013474306091666222, -0.01047789677977562, -0.007481485605239868, -0.0044850739650428295, -0.0014886623248457909, 0.0015077488496899605, 0.004504160024225712, 0.007500572130084038, 0.010496983304619789, 0.01349339634180069, 0.01648980751633644, 0.019486218690872192, 0.022482629865407944, 0.025479041039943695, 0.028475452214479446, 0.0314718633890152, 0.03446827828884125, 0.0374646857380867, 0.04046109691262245, 0.0434575080871582, 0.046453919261693954, 0.049450330436229706, 0.05244674161076546, 0.05544315278530121, 0.05843956768512726, 0.06143597885966301]}, "gradients/conv1.bias": {"_type": "histogram", "values": [1.0, 0.0, 0.0, 0.0, 0.0, 0.0, 0.0, 0.0, 0.0, 0.0, 0.0, 0.0, 0.0, 0.0, 0.0, 0.0, 0.0, 0.0, 0.0, 0.0, 0.0, 0.0, 0.0, 0.0, 0.0, 0.0, 0.0, 0.0, 0.0, 1.0, 28.0, 1.0, 0.0, 0.0, 0.0, 0.0, 0.0, 0.0, 0.0, 0.0, 0.0, 0.0, 0.0, 0.0, 0.0, 0.0, 0.0, 0.0, 0.0, 0.0, 0.0, 0.0, 0.0, 0.0, 0.0, 0.0, 0.0, 0.0, 0.0, 0.0, 0.0, 0.0, 0.0, 1.0],