{"loss": 0.14651645720005035, "_runtime": 66, "_timestamp": 1623155214, "_step": 90, "gradients/fc1.bias": {"_type": "histogram", "values": [1.0, 0.0, 0.0, 0.0, 1.0, 0.0, 0.0, 1.0, 0.0, 0.0, 0.0, 0.0, 0.0, 0.0, 0.0, 0.0, 0.0, 0.0, 0.0, 1.0, 0.0, 2.0, 1.0, 1.0, 0.0, 0.0, 0.0, 0.0, 0.0, 0.0, 0.0, 0.0, 0.0, 0.0, 0.0, 0.0, 0.0, 1.0, 0.0, 0.0, 0.0, 0.0, 0.0, 0.0, 0.0, 0.0, 0.0, 0.0, 0.0, 0.0, 0.0, 0.0, 0.0, 0.0, 0.0, 0.0, 0.0, 0.0, 0.0, 0.0, 0.0, 0.0, 0.0, 1.0], "bins": [-0.014689968898892403, -0.014025847427546978, -0.013361725956201553, -0.012697604484856129, -0.012033483013510704, -0.01136936154216528, -0.010705240070819855, -0.010041117668151855, -0.009376997128129005, -0.00871287565678358, -0.008048754185438156, -0.0073846327140927315, -0.006720511242747307, -0.006056389771401882, -0.00539226783439517, -0.0047281463630497456, -0.004064024426043034, -0.003399902954697609, -0.0027357814833521843, -0.002071659779176116, -0.0014075383078306913, -0.0007434168364852667, -7.929513230919838e-05, 0.0005848263390362263, 0.0012489482760429382, 0.0019130697473883629, 0.0025771912187337875, 0.003241312922909856, 0.0039054343942552805, 0.0045695556327700615, 0.0052336775697767735, 0.005897799041122198, 0.0065619200468063354, 0.00722604151815176, 0.007890162989497185, 0.00855428446084261, 0.009218405932188034, 0.009882527403533459, 0.010546648874878883, 0.011210771277546883, 0.011874891817569733, 0.012539013288915157, 0.013203134760260582, 0.013867256231606007, 0.014531377702951431, 0.015195499174296856, 0.01585962064564228, 0.01652374304831028, 0.01718786358833313, 0.01785198599100113, 0.01851610653102398, 0.01918022893369198, 0.01984434947371483, 0.020508471876382828, 0.021172592416405678, 0.021836714819073677, 0.022500837221741676, 0.023164959624409676, 0.023829080164432526, 0.024493202567100525, 0.025157323107123375, 0.025821445509791374, 0.026485566049814224, 0.027149688452482224, 0.027813808992505074]}, "gradients/fc1.weight": {"_type": "histogram", "values": [2.0, 0.0, 0.0, 1.0, 0.0, 0.0, 2.0, 0.0, 1.0, 0.0, 0.0, 2.0, 3.0, 1.0, 1.0, 2.0, 2.0, 3.0, 3.0, 3.0, 11.0, 5.0, 11.0, 11.0, 10117.0, 14.0, 6.0, 6.0, 5.0, 2.0, 3.0, 4.0, 3.0, 2.0, 2.0, 1.0, 3.0, 2.0, 0.0, 0.0, 1.0, 0.0, 2.0, 0.0, 0.0, 1.0, 0.0, 0.0, 1.0, 0.0, 0.0, 0.0, 0.0, 0.0, 0.0, 0.0, 0.0, 0.0, 0.0, 0.0, 0.0, 0.0, 0.0, 1.0], "bins": [-0.07329753786325455, -0.07031036913394928, -0.06732319295406342, -0.06433602422475815, -0.061348848044872284, -0.05836167931556702, -0.05537450686097145, -0.052387334406375885, -0.04940016195178032, -0.04641298949718475, -0.04342581704258919, -0.04043864458799362, -0.037451475858688354, -0.03446429967880249, -0.03147713094949722, -0.028489958494901657, -0.02550278604030609, -0.022515613585710526, -0.01952844113111496, -0.016541270539164543, -0.013554098084568977, -0.010566925629973412, -0.007579755038022995, -0.004592582583427429, -0.0016054138541221619, 0.0013817581348121166, 0.004368930123746395, 0.007356101647019386, 0.010343274101614952, 0.013330446556210518, 0.016317617148160934, 0.0193047896027565, 0.022291958332061768, 0.025279130786657333, 0.0282663032412529, 0.031253471970558167, 0.03424064815044403, 0.0372278168797493, 0.040214989334344864, 0.04320216178894043, 0.046189337968826294, 0.04917651042342186, 0.052163682878017426, 0.05515085160732269, 0.05813802778720856, 0.061125196516513824, 0.06411236524581909, 0.06709954142570496, 0.07008671015501022, 0.07307387888431549, 0.07606105506420135, 0.07904822379350662, 0.08203539997339249, 0.08502256870269775, 0.08800974488258362, 0.09099691361188889, 0.09398408234119415, 0.09697125107049942, 0.09995842725038528, 0.10294559597969055, 0.10593277215957642, 0.10891994088888168, 0.11190710961818695, 0.11489428579807281, 0.11788146197795868]}, "gradients/conv2.bias": {"_type": "histogram", "values": [1.0, 0.0, 0.0, 0.0, 0.0, 0.0, 0.0, 0.0, 0.0, 0.0, 0.0, 0.0, 0.0, 0.0, 1.0, 0.0, 0.0, 0.0, 0.0, 0.0, 59.0, 0.0, 1.0, 0.0, 0.0, 0.0, 0.0, 0.0, 1.0, 0.0, 0.0, 0.0, 0.0, 0.0, 0.0, 0.0, 0.0, 0.0, 0.0, 0.0, 0.0, 0.0, 0.0, 0.0, 0.0, 0.0, 0.0, 0.0, 0.0, 0.0, 0.0, 0.0, 0.0, 0.0, 0.0, 0.0, 0.0, 0.0, 0.0, 0.0, 0.0, 0.0, 0.0, 1.0], "bins": [-0.04834509640932083, -0.04595091566443443, -0.04355673864483833, -0.041162557899951935, -0.038768377155065536, -0.03637419641017914, -0.03398001939058304, -0.03158583864569664, -0.02919165976345539, -0.026797480881214142, -0.024403300136327744, -0.022009121254086494, -0.019614942371845245, -0.017220761626958847, -0.014826582744717598, -0.0124324019998312, -0.01003822311758995, -0.007644043304026127, -0.0052498639561235905, -0.002855684608221054, -0.0004615047946572304, 0.0019326750189065933, 0.004326853901147842, 0.006721034646034241, 0.00911521166563034, 0.011509391479194164, 0.013903571292757988, 0.016297750174999237, 0.018691930919885635, 0.021086109802126884, 0.023480288684368134, 0.025874469429254532, 0.02826865017414093, 0.03066282905638218, 0.03305700793862343, 0.03545118868350983, 0.037845369428396225, 0.04023955017328262, 0.04263372719287872, 0.04502790793776512, 0.04742208868265152, 0.04981626942753792, 0.05221044644713402, 0.054604627192020416, 0.056998807936906815, 0.05939298868179321, 0.06178716570138931, 0.06418134272098541, 0.06657552719116211, 0.06896970421075821, 0.0713638886809349, 0.073758065700531, 0.0761522427201271, 0.0785464271903038, 0.0809406042098999, 0.0833347886800766, 0.0857289582490921, 0.0881231352686882, 0.0905173197388649, 0.092911496758461, 0.0953056737780571, 0.0976998582482338, 0.1000940352678299, 0.10248821973800659, 0.10488239675760269]}, "gradients/conv2.weight": {"_type": "histogram", "values": [2.0, 0.0, 0.0, 0.0, 1.0, 0.0, 0.0, 0.0, 0.0, 0.0, 0.0, 0.0, 1.0, 0.0, 0.0, 1.0, 0.0, 0.0, 0.0, 0.0, 0.0, 1.0, 0.0, 1.0, 1.0, 3.0, 2.0, 2.0, 4.0, 2.0, 8.0, 5.0, 8.0, 6.0, 47.0, 51048.0, 14.0, 11.0, 1.0, 8.0, 1.0, 4.0, 4.0, 1.0, 0.0, 3.0, 1.0, 1.0, 0.0, 0.0, 1.0, 1.0, 1.0, 1.0, 1.0, 0.0, 0.0, 0.0, 0.0, 1.0, 0.0, 0.0, 0.0, 2.0], "bins": [-0.09004140645265579, -0.08748288452625275, -0.0849243625998497, -0.08236584067344666, -0.07980731874704361, -0.07724879682064056, -0.07469027489423752, -0.07213175296783447, -0.06957323849201202, -0.06701471656560898, -0.06445619463920593, -0.06189767271280289, -0.05933915078639984, -0.056780628859996796, -0.05422211065888405, -0.051663588732481, -0.04910506308078766, -0.04654654115438461, -0.04398801922798157, -0.04142949730157852, -0.038870975375175476, -0.03631245344877243, -0.03375393524765968, -0.031195413321256638, -0.028636891394853592, -0.026078369468450546, -0.0235198475420475, -0.020961327478289604, -0.01840280555188656, -0.015844283625483513, -0.013285762630403042, -0.01072724163532257, -0.008168712258338928, -0.00561019079759717, -0.0030516693368554115, -0.0004931478761136532, 0.002065373584628105, 0.004623895511031151, 0.007182416506111622, 0.009740937501192093, 0.012299459427595139, 0.014857981353998184, 0.01741650328040123, 0.019975023344159126, 0.022533545270562172, 0.025092067196965218, 0.027650587260723114, 0.03020910918712616, 0.032767631113529205, 0.03532615303993225, 0.0378846749663353, 0.04044319689273834, 0.04300171881914139, 0.045560240745544434, 0.04811875894665718, 0.050677280873060226, 0.05323580279946327, 0.05579432472586632, 0.05835284665226936, 0.06091136857867241, 0.06346988677978516, 0.0660284087061882, 0.06858693063259125, 0.0711454525589943, 0.07370397448539734]}, "gradients/conv1.bias": {"_type": "histogram", "values": [1.0, 0.0, 0.0, 0.0, 0.0, 0.0, 0.0, 0.0, 0.0, 0.0, 0.0, 0.0, 0.0, 0.0, 0.0, 0.0, 0.0, 0.0, 0.0, 0.0, 0.0, 0.0, 0.0, 1.0, 0.0, 0.0, 0.0, 0.0, 0.0, 0.0, 0.0, 0.0, 0.0, 0.0, 0.0, 0.0, 0.0, 0.0, 0.0, 1.0, 0.0, 0.0, 0.0, 0.0, 0.0, 27.0, 0.0, 0.0, 0.0, 0.0, 0.0, 0.0, 0.0, 0.0, 0.0, 1.0, 0.0, 0.0, 0.0, 0.0, 0.0, 0.0, 0.0, 1.0],