{"loss": 0.0, "_runtime": 338, "_timestamp": 1623155585, "_step": 500, "gradients/fc1.bias": {"_type": "histogram", "values": [9.0, 0.0, 0.0, 0.0, 0.0, 0.0, 0.0, 0.0, 0.0, 0.0, 0.0, 0.0, 0.0, 0.0, 0.0, 0.0, 0.0, 0.0, 0.0, 0.0, 0.0, 0.0, 0.0, 0.0, 0.0, 0.0, 0.0, 0.0, 0.0, 0.0, 0.0, 0.0, 0.0, 0.0, 0.0, 0.0, 0.0, 0.0, 0.0, 0.0, 0.0, 0.0, 0.0, 0.0, 0.0, 0.0, 0.0, 0.0, 0.0, 0.0, 0.0, 0.0, 0.0, 0.0, 0.0, 0.0, 0.0, 0.0, 0.0, 0.0, 0.0, 0.0, 0.0, 1.0], "bins": [0.0, 2.3247701089475437e-20, 4.6495402178950874e-20, 6.974310003725204e-20, 9.299080435790175e-20, 1.1623850867855145e-19, 1.3948620007450408e-19, 1.627339043951538e-19, 1.859816087158035e-19, 2.092293130364532e-19, 2.324770173571029e-19, 2.5572469582835847e-19, 2.7897240014900817e-19, 3.0222010446965787e-19, 3.254678087903076e-19, 3.487155131109573e-19, 3.71963217431607e-19, 3.952109217522567e-19, 4.184586260729064e-19, 4.417063303935561e-19, 4.649540347142058e-19, 4.882017390348555e-19, 5.114493916567169e-19, 5.346970959773666e-19, 5.579448002980163e-19, 5.81192504618666e-19, 6.0444020893931575e-19, 6.276879132599655e-19, 6.509356175806152e-19, 6.741833219012649e-19, 6.974310262219146e-19, 7.206787305425643e-19, 7.43926434863214e-19, 7.671741391838637e-19, 7.904218435045134e-19, 8.136695478251631e-19, 8.369172521458128e-19, 8.601649564664625e-19, 8.834126607871122e-19, 9.06660365107762e-19, 9.299080694284116e-19, 9.531557737490613e-19, 9.76403478069711e-19, 9.996511823903607e-19, 1.0228988867110104e-18, 1.0461465910316601e-18, 1.0693942953523098e-18, 1.0926419996729595e-18, 1.1158896005960327e-18, 1.1391373049166824e-18, 1.162385009237332e-18, 1.1856327135579818e-18, 1.2088804178786315e-18, 1.2321281221992812e-18, 1.255375826519931e-18, 1.2786235308405806e-18, 1.3018712351612303e-18, 1.32511893948188e-18, 1.3483666438025297e-18, 1.3716143481231794e-18, 1.3948620524438291e-18, 1.4181097567644788e-18, 1.4413574610851285e-18, 1.4646051654057782e-18, 1.487852869726428e-18]}, "gradients/fc1.weight": {"_type": "histogram", "values": [10114.0, 18.0, 9.0, 8.0, 2.0, 4.0, 8.0, 4.0, 7.0, 4.0, 1.0, 4.0, 4.0, 4.0, 3.0, 5.0, 2.0, 4.0, 4.0, 1.0, 2.0, 5.0, 3.0, 0.0, 1.0, 2.0, 2.0, 0.0, 0.0, 1.0, 1.0, 1.0, 1.0, 1.0, 0.0, 0.0, 0.0, 0.0, 0.0, 0.0, 1.0, 2.0, 2.0, 0.0, 0.0, 0.0, 1.0, 0.0, 1.0, 0.0, 0.0, 1.0, 0.0, 1.0, 0.0, 0.0, 0.0, 0.0, 0.0, 0.0, 0.0, 0.0, 0.0, 1.0], "bins": [0.0, 5.094013958576122e-19, 1.0188027917152244e-18, 1.5282041875728366e-18, 2.037605583430449e-18, 2.547006979288061e-18, 3.0564083751456732e-18, 3.5658097710032854e-18, 4.075211166860898e-18, 4.58461256271851e-18, 5.094013958576122e-18, 5.603415354433734e-18, 6.1128167502913464e-18, 6.622218146148959e-18, 7.131619542006571e-18, 7.64102135145449e-18, 8.150422333721795e-18, 8.659823315989101e-18, 9.16922512543702e-18, 9.678626934884938e-18, 1.0188027917152244e-17, 1.069742889941955e-17, 1.1206830708867468e-17, 1.1716232518315387e-17, 1.2225633500582693e-17, 1.2735034482849999e-17, 1.3244436292297917e-17, 1.3753838101745836e-17, 1.4263239084013142e-17, 1.4772640066280448e-17, 1.528204270290898e-17, 1.5791443685176285e-17, 1.630084466744359e-17, 1.6810245649710896e-17, 1.7319646631978202e-17, 1.7829049268606733e-17, 1.833845025087404e-17, 1.8847851233141345e-17, 1.9357253869769876e-17, 1.9866654852037182e-17, 2.0376055834304488e-17, 2.0885456816571794e-17, 2.13948577988391e-17, 2.190426043546763e-17, 2.2413661417734937e-17, 2.2923062400002243e-17, 2.3432465036630774e-17, 2.394186601889808e-17, 2.4451267001165386e-17, 2.4960667983432692e-17, 2.5470068965699998e-17, 2.597947160232853e-17, 2.6488872584595835e-17, 2.699827356686314e-17, 2.750767620349167e-17, 2.801707718575898e-17, 2.8526478168026283e-17, 2.903587915029359e-17, 2.9545280132560895e-17, 3.00546811148282e-17, 3.056408540581796e-17, 3.1073486388085263e-17, 3.158288737035257e-17, 3.2092288352619875e-17, 3.260168933488718e-17]}, "gradients/conv2.bias": {"_type": "histogram", "values": [1.0, 0.0, 0.0, 0.0, 1.0, 1.0, 0.0, 0.0, 1.0, 0.0, 1.0, 0.0, 1.0, 1.0, 0.0, 0.0, 1.0, 0.0, 1.0, 2.0, 1.0, 3.0, 2.0, 2.0, 24.0, 5.0, 0.0, 0.0, 1.0, 1.0, 3.0, 0.0, 2.0, 2.0, 1.0, 0.0, 0.0, 0.0, 0.0, 0.0, 1.0, 1.0, 0.0, 1.0, 0.0, 0.0, 0.0, 0.0, 1.0, 0.0, 0.0, 0.0, 0.0, 0.0, 0.0, 0.0, 0.0, 0.0, 0.0, 0.0, 0.0, 1.0, 0.0, 1.0], "bins": [-2.3522572302298013e-18, -2.2554103037266334e-18, -2.1585633772234655e-18, -2.0617166575154507e-18, -1.964869731012283e-18, -1.868022804509115e-18, -1.771175878005947e-18, -1.6743289515027792e-18, -1.5774820249996113e-18, -1.4806350984964434e-18, -1.383788275390852e-18, -1.2869413488876842e-18, -1.1900944223845163e-18, -1.093247599278925e-18, -9.96400672775757e-19, -8.995537462725891e-19, -8.027069231669978e-19, -7.058600483626182e-19, -6.090131218594503e-19, -5.121662470550707e-19, -4.1531934640129695e-19, -3.184724457475232e-19, -2.216255709431436e-19, -1.2477864443997569e-19, -2.793182133438436e-20, 6.891507285704086e-20, 1.6576196704846607e-19, 2.6260885477754275e-19, 3.594557554313165e-19, 4.563026560850903e-19, 5.531495308894699e-19, 6.499964573926378e-19, 7.468433838958057e-19, 8.436902587001853e-19, 9.405371335045649e-19, 1.0373840600077328e-18, 1.1342309865109007e-18, 1.231077809616492e-18, 1.3279247361196599e-18, 1.4247716626228278e-18, 1.5216185891259957e-18, 1.6184655156291636e-18, 1.7153123387347549e-18, 1.8121591618403462e-18, 1.909006088343514e-18, 2.005853014846682e-18, 2.10269994134985e-18, 2.1995468678530178e-18, 2.2963935875610326e-18, 2.3932405140642005e-18, 2.4900874405673684e-18, 2.586934160275383e-18, 2.683781086778551e-18, 2.780628013281719e-18, 2.8774749397848868e-18, 2.9743218662880547e-18, 3.0711687927912226e-18, 3.1680157192943905e-18, 3.2648626457975584e-18, 3.3617095723007263e-18, 3.458556292008741e-18, 3.555403425307062e-18, 3.652250145015077e-18, 3.7490968647230916e-18, 3.8459439980214126e-18]}, "gradients/conv2.weight": {"_type": "histogram", "values": [3.0, 3.0, 0.0, 7.0, 4.0, 6.0, 4.0, 7.0, 5.0, 13.0, 15.0, 10.0, 19.0, 26.0, 22.0, 37.0, 38.0, 70.0, 64.0, 117.0, 166.0, 301.0, 956.0, 47815.0, 533.0, 289.0, 174.0, 132.0, 98.0, 70.0, 54.0, 34.0, 37.0, 19.0, 12.0, 8.0, 4.0, 6.0, 9.0, 0.0, 0.0, 3.0, 3.0, 3.0, 0.0, 0.0, 0.0, 0.0, 1.0, 1.0, 0.0, 0.0, 0.0, 0.0, 0.0, 0.0, 0.0, 0.0, 1.0, 0.0, 0.0, 0.0, 0.0, 1.0], "bins": [-5.772891840646355e-18, -5.523354610896258e-18, -5.273817381146161e-18, -5.024279737805758e-18, -4.774742508055661e-18, -4.525205278305564e-18, -4.275667634965161e-18, -4.026130405215064e-18, -3.776593175464967e-18, -3.52705594571487e-18, -3.2775185091696197e-18, -3.0279810726243696e-18, -2.7784438428742726e-18, -2.5289066131241757e-18, -2.2793691765789256e-18, -2.0298317400336755e-18, -1.7802945102835785e-18, -1.530757177135905e-18, -1.2812198439882314e-18, -1.0316825108405579e-18, -7.821451776928844e-19, -5.326078445452108e-19, -2.830705113975373e-19, -3.353307485228719e-20, 2.1600415489780978e-19, 4.655414880454833e-19, 7.150788211931568e-19, 9.646161543408304e-19, 1.214153487488504e-18, 1.4636908206361774e-18, 1.713228153783851e-18, 1.962765590329101e-18, 2.212302820079198e-18, 2.461840049829295e-18, 2.711377486374545e-18, 2.9609149229197952e-18, 3.210452152669892e-18, 3.459989382419989e-18, 3.7095270257603924e-18, 3.959064255510489e-18, 4.208601485260586e-18, 4.458138715010683e-18, 4.70767594476078e-18, 4.9572135881011835e-18, 5.2067508178512805e-18, 5.4562880476013774e-18, 5.705825690941781e-18, 5.955362920691878e-18, 6.2049001504419746e-18, 6.4544373801920716e-18, 6.7039746099421685e-18, 6.953511839692265e-18, 7.203049069442362e-18, 7.452587126373072e-18, 7.702124356123169e-18, 7.951661585873266e-18, 8.201198815623363e-18, 8.45073604537346e-18, 8.700273275123557e-18, 8.949810504873654e-18, 9.199348561804363e-18, 9.44888579155446e-18, 9.698423021304557e-18, 9.947960251054654e-18, 1.0197497480804751e-17]}, "gradients/conv1.bias": {"_type": "histogram",