{"loss": 0.285381019115448, "_runtime": 336, "_timestamp": 1623154742, "_step": 500, "gradients/fc1.bias": {"_type": "histogram", "values": [2.0, 0.0, 1.0, 0.0, 0.0, 0.0, 0.0, 0.0, 0.0, 0.0, 0.0, 0.0, 0.0, 0.0, 0.0, 0.0, 0.0, 1.0, 0.0, 0.0, 0.0, 0.0, 1.0, 1.0, 1.0, 0.0, 0.0, 0.0, 0.0, 1.0, 0.0, 0.0, 0.0, 0.0, 0.0, 0.0, 0.0, 0.0, 0.0, 0.0, 0.0, 0.0, 0.0, 0.0, 0.0, 0.0, 0.0, 0.0, 0.0, 0.0, 1.0, 0.0, 0.0, 0.0, 0.0, 0.0, 0.0, 0.0, 0.0, 0.0, 0.0, 0.0, 0.0, 1.0], "bins": [-0.030855420976877213, -0.029551293700933456, -0.0282471664249897, -0.026943041011691093, -0.025638913735747337, -0.02433478645980358, -0.023030661046504974, -0.021726533770561218, -0.020422406494617462, -0.019118279218673706, -0.01781415194272995, -0.016510026529431343, -0.015205899253487587, -0.013901771977543831, -0.01259764563292265, -0.011293519288301468, -0.009989392012357712, -0.008685264736413956, -0.007381138391792774, -0.006077011581510305, -0.004772884771227837, -0.003468757960945368, -0.002164631150662899, -0.0008605048060417175, 0.0004436224699020386, 0.0017477492801845074, 0.003051876090466976, 0.004356002900749445, 0.005660129711031914, 0.0069642565213143826, 0.008268383331596851, 0.009572509676218033, 0.010876636952161789, 0.012180764228105545, 0.013484890572726727, 0.014789016917347908, 0.016093144193291664, 0.01739727146923542, 0.018701396882534027, 0.020005524158477783, 0.02130965143442154, 0.022613778710365295, 0.02391790598630905, 0.02522203139960766, 0.026526158675551414, 0.02783028595149517, 0.029134411364793777, 0.030438538640737534, 0.03174266591668129, 0.033046793192625046, 0.0343509204685688, 0.03565504774451256, 0.036959171295166016, 0.03826329857110977, 0.03956742584705353, 0.040871553122997284, 0.04217568039894104, 0.043479807674884796, 0.04478393495082855, 0.04608806222677231, 0.047392189502716064, 0.04869631305336952, 0.05000044032931328, 0.051304567605257034, 0.05260869488120079]}, "gradients/fc1.weight": {"_type": "histogram", "values": [2.0, 1.0, 0.0, 0.0, 0.0, 2.0, 0.0, 0.0, 0.0, 0.0, 3.0, 0.0, 1.0, 1.0, 0.0, 1.0, 1.0, 2.0, 3.0, 4.0, 2.0, 4.0, 2.0, 3.0, 5.0, 5.0, 9.0, 19.0, 10107.0, 16.0, 10.0, 3.0, 7.0, 2.0, 3.0, 1.0, 3.0, 3.0, 1.0, 2.0, 0.0, 1.0, 1.0, 1.0, 0.0, 1.0, 1.0, 2.0, 1.0, 0.0, 0.0, 2.0, 0.0, 0.0, 0.0, 1.0, 0.0, 0.0, 0.0, 0.0, 0.0, 0.0, 0.0, 1.0], "bins": [-0.16607721149921417, -0.1602182537317276, -0.15435928106307983, -0.14850032329559326, -0.1426413655281067, -0.13678240776062012, -0.13092344999313354, -0.12506447732448578, -0.1192055195569992, -0.11334656178951263, -0.10748759657144547, -0.1016286313533783, -0.09576967358589172, -0.08991071581840515, -0.08405175060033798, -0.07819278538227081, -0.07233382761478424, -0.06647486984729767, -0.0606159046292305, -0.05475694313645363, -0.04889798164367676, -0.04303902015089989, -0.037180058658123016, -0.031321097165346146, -0.025462135672569275, -0.019603174179792404, -0.013744212687015533, -0.007885251194238663, -0.002026289701461792, 0.0038326717913150787, 0.00969163328409195, 0.01555059477686882, 0.021409571170806885, 0.027268532663583755, 0.033127494156360626, 0.0389864556491375, 0.04484541714191437, 0.05070437863469124, 0.05656334012746811, 0.06242230162024498, 0.06828126311302185, 0.07414022088050842, 0.07999918609857559, 0.08585815131664276, 0.09171710908412933, 0.0975760668516159, 0.10343503206968307, 0.10929399728775024, 0.11515295505523682, 0.12101191282272339, 0.12687087059020996, 0.13272984325885773, 0.1385888010263443, 0.14444775879383087, 0.15030673146247864, 0.1561656892299652, 0.16202464699745178, 0.16788360476493835, 0.17374256253242493, 0.1796015352010727, 0.18546049296855927, 0.19131945073604584, 0.1971784234046936, 0.20303738117218018, 0.20889633893966675]}, "gradients/conv2.bias": {"_type": "histogram", "values": [1.0, 0.0, 0.0, 0.0, 0.0, 0.0, 0.0, 0.0, 1.0, 0.0, 0.0, 0.0, 0.0, 0.0, 0.0, 0.0, 0.0, 0.0, 1.0, 0.0, 0.0, 0.0, 0.0, 0.0, 0.0, 0.0, 0.0, 0.0, 0.0, 0.0, 0.0, 0.0, 0.0, 0.0, 0.0, 0.0, 0.0, 0.0, 56.0, 0.0, 1.0, 0.0, 0.0, 0.0, 0.0, 0.0, 0.0, 0.0, 0.0, 0.0, 0.0, 0.0, 0.0, 0.0, 0.0, 0.0, 0.0, 2.0, 0.0, 0.0, 0.0, 0.0, 0.0, 2.0], "bins": [-0.11026586592197418, -0.10739796608686447, -0.10453006625175476, -0.10166216641664505, -0.09879426658153534, -0.09592635929584503, -0.09305845946073532, -0.09019055962562561, -0.0873226597905159, -0.08445475995540619, -0.08158686012029648, -0.07871896028518677, -0.07585105299949646, -0.07298315316438675, -0.07011525332927704, -0.06724735349416733, -0.06437945365905762, -0.061511553823947906, -0.058643653988838196, -0.05577575042843819, -0.052907850593328476, -0.050039950758218765, -0.047172047197818756, -0.044304147362709045, -0.041436247527599335, -0.038568347692489624, -0.03570044785737991, -0.032832544296979904, -0.029964644461870193, -0.027096744626760483, -0.024228842929005623, -0.021360941231250763, -0.01849304884672165, -0.01562514901161194, -0.012757247313857079, -0.009889346547424793, -0.007021445780992508, -0.004153545014560223, -0.0012856442481279373, 0.0015822574496269226, 0.004450157284736633, 0.007318058051168919, 0.010185958817601204, 0.01305385958403349, 0.015921760350465775, 0.018789660185575485, 0.021657561883330345, 0.024525463581085205, 0.027393363416194916, 0.030261263251304626, 0.03312916308641434, 0.035997066646814346, 0.03886496648192406, 0.04173286631703377, 0.04460076987743378, 0.04746866971254349, 0.0503365695476532, 0.05320446938276291, 0.05607236921787262, 0.05894027277827263, 0.06180817261338234, 0.06467607617378235, 0.06754397600889206, 0.07041187584400177, 0.07327977567911148]}, "gradients/conv2.weight": {"_type": "histogram", "values": [1.0, 0.0, 0.0, 0.0, 0.0, 0.0, 0.0, 0.0, 0.0, 0.0, 0.0, 0.0, 0.0, 0.0, 0.0, 0.0, 0.0, 0.0, 1.0, 0.0, 1.0, 0.0, 0.0, 0.0, 0.0, 1.0, 2.0, 0.0, 1.0, 0.0, 1.0, 2.0, 1.0, 0.0, 5.0, 2.0, 4.0, 7.0, 7.0, 10.0, 51088.0, 18.0, 16.0, 5.0, 5.0, 5.0, 1.0, 1.0, 2.0, 3.0, 1.0, 2.0, 0.0, 0.0, 0.0, 0.0, 3.0, 1.0, 1.0, 0.0, 1.0, 0.0, 0.0, 1.0], "bins": [-0.49090126156806946, -0.4787495732307434, -0.46659788489341736, -0.4544461965560913, -0.44229453802108765, -0.4301428496837616, -0.41799116134643555, -0.4058394730091095, -0.39368778467178345, -0.3815360963344574, -0.36938440799713135, -0.3572327196598053, -0.34508103132247925, -0.3329293727874756, -0.32077768445014954, -0.3086259961128235, -0.29647430777549744, -0.2843226194381714, -0.27217093110084534, -0.2600192427635193, -0.24786756932735443, -0.23571588099002838, -0.22356420755386353, -0.21141251921653748, -0.19926083087921143, -0.18710914254188538, -0.17495745420455933, -0.16280578076839447, -0.15065409243106842, -0.13850240409374237, -0.12635073065757751, -0.11419904232025146, -0.1020473837852478, -0.08989569544792175, -0.0777440145611763, -0.06559233367443085, -0.0534406453371048, -0.041288960725069046, -0.029137276113033295, -0.016985595226287842, -0.004833906888961792, 0.007317777723073959, 0.01946946233510971, 0.03162114694714546, 0.04377283155918121, 0.055924516171216965, 0.06807620078325272, 0.08022788166999817, 0.09237957000732422, 0.10453125834465027, 0.11668293923139572, 0.12883462011814117, 0.14098630845546722, 0.15313799679279327, 0.16528967022895813, 0.17744135856628418, 0.18959304690361023, 0.20174473524093628, 0.21389642357826233, 0.22604809701442719, 0.23819978535175323, 0.2503514587879181, 0.26250314712524414, 0.2746548354625702, 0.28680652379989624]}, "gradients/conv1.bias": {"_type": "histogram", "values": [1.0, 0.0, 0.0, 0.0, 0.0, 0.0, 0.0, 0.0, 0.0, 0.0, 0.0, 0.0, 0.0, 0.0, 0.0, 0.0, 0.0, 0.0, 0.0, 0.0, 0.0, 0.0, 0.0, 0.0, 0.0, 0.0, 0.0, 0.0, 0.0, 0.0, 0.0, 0.0, 0.0, 0.0, 0.0, 0.0, 0.0, 0.0, 0.0, 0.0, 0.0, 0.0, 0.0, 0.0, 0.0, 29.0, 0.0, 0.0, 0.0, 1.0, 0.0, 0.0, 0.0, 0.0, 0.0, 0.0, 0.0, 0.0, 0.0, 0.0, 0.0, 0.0, 0.0, 1.0],