{"loss": 0.1421472132205963, "_runtime": 27, "_timestamp": 1623154946, "_step": 30, "gradients/fc1.bias": {"_type": "histogram", "values": [1.0, 0.0, 0.0, 0.0, 0.0, 0.0, 0.0, 0.0, 0.0, 0.0, 0.0, 0.0, 0.0, 0.0, 0.0, 0.0, 0.0, 0.0, 0.0, 0.0, 0.0, 0.0, 0.0, 0.0, 0.0, 0.0, 0.0, 0.0, 0.0, 0.0, 1.0, 1.0, 0.0, 0.0, 1.0, 1.0, 3.0, 0.0, 0.0, 0.0, 0.0, 0.0, 0.0, 0.0, 0.0, 0.0, 0.0, 0.0, 0.0, 0.0, 0.0, 0.0, 0.0, 1.0, 0.0, 0.0, 0.0, 0.0, 0.0, 0.0, 0.0, 0.0, 0.0, 1.0], "bins": [-0.007643763907253742, -0.0074316286481916904, -0.007219493389129639, -0.007007358130067587, -0.006795222871005535, -0.006583087611943483, -0.006370952352881432, -0.006158817559480667, -0.005946681834757328, -0.005734546575695276, -0.0055224113166332245, -0.005310276057571173, -0.005098140798509121, -0.004886005539447069, -0.004673870280385017, -0.004461735486984253, -0.004249600227922201, -0.004037464968860149, -0.0038253297097980976, -0.003613194450736046, -0.003401059191673994, -0.0031889239326119423, -0.002976788906380534, -0.0027646536473184824, -0.0025525186210870743, -0.0023403833620250225, -0.0021282481029629707, -0.0019161129603162408, -0.001703977701254189, -0.0014918424421921372, -0.0012797072995454073, -0.0010675720404833555, -0.0008554360829293728, -0.000643300823867321, -0.00043116562301293015, -0.0002190304221585393, -6.895163096487522e-06, 0.00020524009596556425, 0.0004173752386122942, 0.000629510497674346, 0.0008416459895670414, 0.0010537812486290932, 0.001265916507691145, 0.0014780516503378749, 0.0016901869093999267, 0.0019023221684619784, 0.0021144573111087084, 0.00232659257017076, 0.0025387275964021683, 0.00275086285546422, 0.002962998114526272, 0.0031751333735883236, 0.0033872686326503754, 0.003599403891712427, 0.0038115389179438353, 0.004023673944175243, 0.0042358096688985825, 0.004447944927960634, 0.004660080187022686, 0.004872215446084738, 0.0050843507051467896, 0.005296485964208841, 0.005508621223270893, 0.0057207560166716576, 0.005932891275733709]}, "gradients/fc1.weight": {"_type": "histogram", "values": [2.0, 0.0, 0.0, 0.0, 1.0, 0.0, 0.0, 0.0, 0.0, 0.0, 1.0, 0.0, 0.0, 0.0, 0.0, 1.0, 2.0, 0.0, 0.0, 1.0, 2.0, 1.0, 1.0, 1.0, 4.0, 2.0, 0.0, 2.0, 3.0, 12.0, 33.0, 85.0, 10030.0, 15.0, 10.0, 7.0, 3.0, 3.0, 1.0, 3.0, 1.0, 0.0, 2.0, 0.0, 0.0, 2.0, 2.0, 1.0, 3.0, 0.0, 1.0, 0.0, 0.0, 0.0, 0.0, 0.0, 0.0, 0.0, 0.0, 0.0, 1.0, 0.0, 0.0, 1.0], "bins": [-0.03708690032362938, -0.03592868149280548, -0.03477046266198158, -0.033612243831157684, -0.03245402127504349, -0.03129580244421959, -0.03013758361339569, -0.028979364782571793, -0.027821145951747894, -0.026662927120923996, -0.025504708290100098, -0.02434648759663105, -0.023188268765807152, -0.022030049934983253, -0.020871829241514206, -0.019713610410690308, -0.01855539157986641, -0.01739717274904251, -0.016238953918218613, -0.015080733224749565, -0.013922514393925667, -0.012764295563101768, -0.011606075800955296, -0.010447856038808823, -0.009289637207984924, -0.008131418377161026, -0.006973198615014553, -0.0058149793185293674, -0.004656760022044182, -0.003498540725558996, -0.0023403214290738106, -0.0011821016669273376, -2.3886561393737793e-05, 0.0011343327350914478, 0.0022925520315766335, 0.003450771328061819, 0.004608990624547005, 0.00576720992103219, 0.006925429217517376, 0.008083648979663849, 0.009241867810487747, 0.010400086641311646, 0.011558306403458118, 0.012716526165604591, 0.01387474499642849, 0.015032963827252388, 0.016191184520721436, 0.017349403351545334, 0.018507622182369232, 0.01966584101319313, 0.02082405984401703, 0.021982280537486076, 0.023140499368309975, 0.024298718199133873, 0.02545693889260292, 0.02661515772342682, 0.027773376554250717, 0.028931595385074615, 0.030089814215898514, 0.03124803490936756, 0.03240625560283661, 0.03356447443366051, 0.034722693264484406, 0.035880912095308304, 0.0370391309261322]}, "gradients/conv2.bias": {"_type": "histogram", "values": [1.0, 0.0, 1.0, 0.0, 0.0, 0.0, 0.0, 0.0, 0.0, 0.0, 0.0, 0.0, 0.0, 0.0, 0.0, 0.0, 0.0, 1.0, 0.0, 0.0, 0.0, 1.0, 0.0, 1.0, 2.0, 55.0, 0.0, 0.0, 0.0, 0.0, 0.0, 0.0, 0.0, 0.0, 0.0, 0.0, 0.0, 0.0, 0.0, 0.0, 1.0, 0.0, 0.0, 0.0, 0.0, 0.0, 0.0, 0.0, 0.0, 0.0, 0.0, 0.0, 0.0, 0.0, 0.0, 0.0, 0.0, 0.0, 0.0, 0.0, 0.0, 0.0, 0.0, 1.0], "bins": [-0.0033673192374408245, -0.0032335149589926004, -0.0030997106805443764, -0.0029659064020961523, -0.0028321021236479282, -0.002698297845199704, -0.00256449356675148, -0.0024306895211338997, -0.002296885009855032, -0.002163080731406808, -0.002029276452958584, -0.0018954721745103598, -0.0017616678960621357, -0.0016278636176139116, -0.0014940594555810094, -0.0013602551771327853, -0.001226451015099883, -0.001092646736651659, -0.0009588424582034349, -0.0008250382379628718, -0.0006912339595146477, -0.0005574296810664237, -0.0004236254608258605, -0.00028982118237763643, -0.0001560170203447342, -2.2212756448425353e-05, 0.00011159150744788349, 0.0002453957567922771, 0.00037920003524050117, 0.0005130043136887252, 0.0006468085339292884, 0.0007806128123775125, 0.0009144172072410583, 0.0010482214856892824, 0.0011820257641375065, 0.0013158300425857306, 0.0014496343210339546, 0.0015834385994821787, 0.001717242761515081, 0.001851047039963305, 0.001984851434826851, 0.002118655713275075, 0.002252459991723299, 0.002386264270171523, 0.002520068548619747, 0.0026538728270679712, 0.0027876771055161953, 0.0029214811511337757, 0.0030552854295819998, 0.003189089708030224, 0.003322893986478448, 0.003456698264926672, 0.003590502543374896, 0.00372430682182312, 0.0038581108674407005, 0.003991915378719568, 0.004125719424337149, 0.004259523469954729, 0.004393327981233597, 0.004527132026851177, 0.004660936538130045, 0.004794740583747625, 0.004928545095026493, 0.0050623491406440735, 0.005196153651922941]}, "gradients/conv2.weight": {"_type": "histogram", "values": [1.0, 0.0, 0.0, 0.0, 1.0, 0.0, 1.0, 0.0, 1.0, 1.0, 3.0, 4.0, 4.0, 6.0, 10.0, 8.0, 31.0, 84.0, 254.0, 50677.0, 48.0, 25.0, 7.0, 7.0, 6.0, 4.0, 2.0, 2.0, 3.0, 0.0, 0.0, 1.0, 0.0, 0.0, 2.0, 1.0, 2.0, 0.0, 1.0, 0.0, 0.0, 0.0, 0.0, 1.0, 0.0, 0.0, 0.0, 0.0, 0.0, 1.0, 0.0, 0.0, 0.0, 0.0, 0.0, 0.0, 0.0, 0.0, 0.0, 0.0, 0.0, 0.0, 0.0, 1.0], "bins": [-0.01480153389275074, -0.014028127305209637, -0.013254720717668533, -0.012481315061450005, -0.011707907542586327, -0.010934501886367798, -0.010161095298826694, -0.009387688711285591, -0.008614282123744488, -0.007840875536203384, -0.007067468948662281, -0.006294062826782465, -0.005520656239241362, -0.004747249651700258, -0.003973843529820442, -0.003200436942279339, -0.0024270303547382355, -0.001653623883612454, -0.0008802174124866724, -0.00010681105777621269, 0.0006665955297648907, 0.001440002117305994, 0.00221340823918581, 0.0029868148267269135, 0.003760220482945442, 0.0045336270704865456, 0.005307033658027649, 0.006080439779907465, 0.006853846367448568, 0.007627252954989672, 0.008400659076869488, 0.009174065664410591, 0.00994747132062912, 0.010720877908170223, 0.011494284495711327, 0.012267690151929855, 0.013041097670793533, 0.013814503327012062, 0.014587909914553165, 0.015361316502094269, 0.016134724020957947, 0.016908129677176476, 0.017681537196040154, 0.018454942852258682, 0.01922835037112236, 0.02000175602734089, 0.020775161683559418, 0.021548569202423096, 0.022321974858641624, 0.023095380514860153, 0.02386878803372383, 0.02464219368994236, 0.025415601208806038, 0.026189006865024567, 0.026962414383888245, 0.027735820040106773, 0.028509225696325302, 0.02928263135254383, 0.03005603887140751, 0.030829444527626038, 0.031602852046489716, 0.032376259565353394, 0.03314966335892677, 0.03392307087779045, 0.03469647839665413]}, "gradients/conv1.bias": {"_type": "histogram", "values": [1.0, 0.0, 0.0, 0.0, 0.0, 0.0, 0.0, 0.0, 0.0, 0.0, 0.0, 0.0, 0.0, 0.0, 0.0, 1.0, 0.0, 0.0, 0.0, 0.0, 0.0, 0.0, 0.0, 0.0, 0.0, 0.0, 0.0, 0.0, 1.0, 2.0, 1.0, 1.0, 1.0, 1.0, 17.0, 0.0, 1.0, 0.0, 0.0, 0.0, 2.0, 0.0, 0.0, 1.0, 0.0, 0.0, 0.0, 1.0, 0.0, 0.0, 0.0, 0.0, 0.0, 0.0, 0.0, 0.0, 0.0, 0.0, 0.0, 0.0, 0.0, 0.0, 0.0, 1.0],