{"loss": 0.2809301018714905, "_runtime": 71, "_timestamp": 1623155031, "_step": 99, "gradients/fc1.bias": {"_type": "histogram", "values": [1.0, 0.0, 0.0, 0.0, 0.0, 0.0, 0.0, 1.0, 0.0, 0.0, 0.0, 0.0, 0.0, 0.0, 0.0, 0.0, 1.0, 0.0, 0.0, 0.0, 0.0, 0.0, 0.0, 0.0, 0.0, 0.0, 0.0, 0.0, 0.0, 0.0, 0.0, 0.0, 1.0, 0.0, 0.0, 1.0, 0.0, 1.0, 1.0, 0.0, 0.0, 0.0, 1.0, 0.0, 0.0, 0.0, 1.0, 0.0, 0.0, 0.0, 0.0, 0.0, 0.0, 0.0, 0.0, 0.0, 0.0, 0.0, 0.0, 0.0, 0.0, 0.0, 0.0, 1.0], "bins": [-0.024333540350198746, -0.02357449382543564, -0.02281544730067253, -0.022056400775909424, -0.021297354251146317, -0.02053830772638321, -0.019779261201620102, -0.019020214676856995, -0.018261168152093887, -0.01750212162733078, -0.016743075102567673, -0.015984028577804565, -0.015224982053041458, -0.01446593552827835, -0.013706889934837818, -0.01294784341007471, -0.012188797816634178, -0.01142975129187107, -0.010670704767107964, -0.009911658242344856, -0.009152611717581749, -0.008393565192818642, -0.007634519599378109, -0.006875473074615002, -0.006116427481174469, -0.005357380956411362, -0.004598334431648254, -0.0038392883725464344, -0.003080241847783327, -0.00232119532302022, -0.0015621492639183998, -0.0008031027391552925, -4.4055283069610596e-05, 0.0007149911252781749, 0.0014740375336259604, 0.002233083825558424, 0.0029921303503215313, 0.0037511768750846386, 0.004510222934186459, 0.005269269458949566, 0.006028316915035248, 0.006787363439798355, 0.007546409964561462, 0.00830545648932457, 0.009064503014087677, 0.009823549538850784, 0.010582595132291317, 0.011341641657054424, 0.012100687250494957, 0.012859733775258064, 0.013618780300021172, 0.014377826824784279, 0.015136873349547386, 0.015895919874310493, 0.01665496453642845, 0.01741401106119156, 0.018173057585954666, 0.018932104110717773, 0.01969115063548088, 0.020450197160243988, 0.021209243685007095, 0.021968290209770203, 0.02272733673453331, 0.023486383259296417, 0.024245429784059525]}, "gradients/fc1.weight": {"_type": "histogram", "values": [2.0, 0.0, 0.0, 0.0, 0.0, 1.0, 0.0, 0.0, 0.0, 1.0, 0.0, 0.0, 0.0, 0.0, 1.0, 1.0, 1.0, 0.0, 0.0, 1.0, 1.0, 0.0, 1.0, 0.0, 1.0, 2.0, 3.0, 4.0, 1.0, 6.0, 21.0, 30.0, 10113.0, 21.0, 8.0, 2.0, 0.0, 4.0, 1.0, 2.0, 0.0, 2.0, 0.0, 1.0, 1.0, 0.0, 0.0, 1.0, 0.0, 2.0, 0.0, 0.0, 0.0, 0.0, 1.0, 0.0, 1.0, 0.0, 0.0, 0.0, 0.0, 0.0, 0.0, 2.0], "bins": [-0.18999257683753967, -0.18408897519111633, -0.1781853884458542, -0.17228180170059204, -0.1663782000541687, -0.16047459840774536, -0.15457101166248322, -0.14866742491722107, -0.14276382327079773, -0.1368602216243744, -0.13095663487911224, -0.1250530481338501, -0.11914944648742676, -0.11324585229158401, -0.10734225809574127, -0.10143866389989853, -0.09553506970405579, -0.08963147550821304, -0.0837278813123703, -0.07782428711652756, -0.07192069292068481, -0.06601709872484207, -0.06011350452899933, -0.054209910333156586, -0.04830631613731384, -0.0424027219414711, -0.03649912774562836, -0.030595533549785614, -0.02469193935394287, -0.018788345158100128, -0.012884750962257385, -0.006981156766414642, -0.0010775774717330933, 0.00482601672410965, 0.010729610919952393, 0.016633205115795135, 0.02253679931163788, 0.02844039350748062, 0.034343987703323364, 0.04024758189916611, 0.04615117609500885, 0.05205477029085159, 0.057958364486694336, 0.06386195868253708, 0.06976555287837982, 0.07566914707422256, 0.08157274127006531, 0.08747633546590805, 0.0933799296617508, 0.09928352385759354, 0.10518711805343628, 0.11109071224927902, 0.11699430644512177, 0.12289790064096451, 0.12880149483680725, 0.1347050964832306, 0.14060868322849274, 0.14651226997375488, 0.15241587162017822, 0.15831947326660156, 0.1642230600118637, 0.17012664675712585, 0.1760302484035492, 0.18193385004997253, 0.18783743679523468]}, "gradients/conv2.bias": {"_type": "histogram", "values": [1.0, 0.0, 0.0, 0.0, 0.0, 0.0, 0.0, 0.0, 0.0, 0.0, 0.0, 0.0, 0.0, 0.0, 0.0, 0.0, 0.0, 0.0, 0.0, 0.0, 0.0, 0.0, 0.0, 0.0, 0.0, 0.0, 0.0, 0.0, 1.0, 0.0, 0.0, 0.0, 0.0, 0.0, 0.0, 0.0, 0.0, 0.0, 0.0, 0.0, 0.0, 0.0, 0.0, 0.0, 1.0, 0.0, 0.0, 0.0, 0.0, 0.0, 1.0, 0.0, 0.0, 0.0, 0.0, 0.0, 0.0, 0.0, 1.0, 1.0, 1.0, 0.0, 0.0, 57.0], "bins": [-0.07287148386240005, -0.07173286378383636, -0.07059425115585327, -0.06945563107728958, -0.06831701844930649, -0.0671783983707428, -0.0660397857427597, -0.06490116566419601, -0.06376254558563232, -0.06262392550706863, -0.06148531287908554, -0.06034669280052185, -0.05920807644724846, -0.05806946009397507, -0.056930843740701675, -0.055792227387428284, -0.05465361475944519, -0.0535149984061718, -0.05237638205289841, -0.05123776197433472, -0.050099145621061325, -0.04896052926778793, -0.04782191291451454, -0.04668329656124115, -0.04554467648267746, -0.04440606012940407, -0.043267443776130676, -0.042128823697566986, -0.040990207344293594, -0.0398515909910202, -0.03871297463774681, -0.03757435828447342, -0.03643574193120003, -0.035297125577926636, -0.034158509224653244, -0.03301989287137985, -0.03188127279281616, -0.03074265643954277, -0.02960404008626938, -0.028465423732995987, -0.027326807379722595, -0.026188191026449203, -0.025049572810530663, -0.02391095645725727, -0.02277234010398388, -0.021633721888065338, -0.020495105534791946, -0.019356489181518555, -0.018217870965600014, -0.017079254612326622, -0.01594063639640808, -0.01480202004313469, -0.013663403689861298, -0.012524786405265331, -0.011386169120669365, -0.010247552767395973, -0.009108935482800007, -0.00797031819820404, -0.006831701844930649, -0.0056930845603346825, -0.004554467741400003, -0.0034158509224653244, -0.002277233637869358, -0.0011386172845959663, 0.0]}, "gradients/conv2.weight": {"_type": "histogram", "values": [1.0, 0.0, 1.0, 0.0, 0.0, 0.0, 0.0, 1.0, 0.0, 0.0, 0.0, 1.0, 0.0, 0.0, 0.0, 0.0, 0.0, 1.0, 0.0, 0.0, 0.0, 0.0, 0.0, 2.0, 1.0, 2.0, 1.0, 0.0, 1.0, 1.0, 1.0, 3.0, 2.0, 2.0, 6.0, 4.0, 7.0, 6.0, 8.0, 5.0, 4.0, 18.0, 37.0, 51018.0, 13.0, 9.0, 7.0, 7.0, 4.0, 3.0, 3.0, 2.0, 5.0, 2.0, 0.0, 2.0, 0.0, 2.0, 3.0, 0.0, 1.0, 2.0, 0.0, 1.0], "bins": [-0.14762836694717407, -0.14422060549259186, -0.14081282913684845, -0.13740506768226624, -0.13399730622768402, -0.1305895447731018, -0.1271817684173584, -0.12377400696277618, -0.12036623805761337, -0.11695846915245056, -0.11355070769786835, -0.11014293879270554, -0.10673516988754272, -0.10332740843296051, -0.0999196395277977, -0.09651187062263489, -0.09310410916805267, -0.08969634026288986, -0.08628857880830765, -0.08288080990314484, -0.07947304844856262, -0.07606527954339981, -0.072657510638237, -0.06924974918365479, -0.06584198027849197, -0.06243421509861946, -0.05902644991874695, -0.05561868101358414, -0.052210915833711624, -0.04880315065383911, -0.0453953817486763, -0.04198761656880379, -0.038579851388931274, -0.03517208620905876, -0.03176432102918625, -0.028356552124023438, -0.024948786944150925, -0.021541021764278412, -0.01813325472176075, -0.014725487679243088, -0.011317722499370575, -0.007909956388175488, -0.0045021902769804, -0.0010944241657853127, 0.0023133419454097748, 0.005721107125282288, 0.00912887416779995, 0.012536641210317612, 0.015944406390190125, 0.019352171570062637, 0.0227599386125803, 0.02616770565509796, 0.029575470834970474, 0.03298323601484299, 0.0363910049200058, 0.03979877009987831, 0.043206535279750824, 0.04661430045962334, 0.05002206563949585, 0.05342983454465866, 0.056837599724531174, 0.060245364904403687, 0.0636531338095665, 0.06706090271472931, 0.07046866416931152]}, "gradients/conv1.bias": {"_type": "histogram", "values": [1.0, 0.0, 0.0, 0.0, 0.0, 0.0, 27.0, 0.0, 0.0, 0.0, 0.0, 0.0, 0.0, 0.0, 0.0, 0.0, 0.0, 0.0, 0.0, 0.0, 0.0, 0.0, 0.0, 0.0, 0.0, 0.0, 0.0, 0.0, 0.0, 0.0, 0.0, 0.0, 0.0, 0.0, 0.0, 0.0, 0.0, 0.0, 0.0, 0.0, 0.0, 0.0, 0.0, 1.0, 0.0, 1.0, 1.0, 0.0, 0.0, 0.0, 0.0, 0.0, 0.0, 0.0, 0.0, 0.0, 0.0, 0.0, 0.0, 0.0, 0.0, 0.0, 0.0, 1.0],