{"loss": 0.6202142834663391, "_runtime": 71, "_timestamp": 1623154314, "_step": 99, "gradients/fc1.bias": {"_type": "histogram", "values": [1.0, 0.0, 0.0, 0.0, 0.0, 0.0, 1.0, 0.0, 0.0, 0.0, 0.0, 0.0, 0.0, 0.0, 0.0, 0.0, 0.0, 0.0, 0.0, 0.0, 0.0, 0.0, 0.0, 0.0, 0.0, 0.0, 0.0, 0.0, 0.0, 0.0, 0.0, 1.0, 0.0, 3.0, 1.0, 0.0, 1.0, 0.0, 0.0, 0.0, 0.0, 0.0, 0.0, 0.0, 0.0, 0.0, 0.0, 0.0, 0.0, 0.0, 0.0, 0.0, 0.0, 0.0, 0.0, 0.0, 1.0, 0.0, 0.0, 0.0, 0.0, 0.0, 0.0, 1.0], "bins": [-0.017070140689611435, -0.016552625223994255, -0.016035109758377075, -0.015517594292759895, -0.015000078827142715, -0.014482563361525536, -0.013965047895908356, -0.013447532430291176, -0.012930016964673996, -0.012412501499056816, -0.011894986033439636, -0.011377470567822456, -0.010859955102205276, -0.010342439636588097, -0.009824924170970917, -0.009307408705353737, -0.008789893239736557, -0.008272377774119377, -0.007754862308502197, -0.007237346842885017, -0.0067198313772678375, -0.006202315911650658, -0.005684800446033478, -0.005167284980416298, -0.004649769514799118, -0.004132254049181938, -0.0036147385835647583, -0.0030972231179475784, -0.0025797076523303986, -0.0020621921867132187, -0.0015446767210960388, -0.001027161255478859, -0.0005096476525068283, 7.867813110351562e-06, 0.0005253832787275314, 0.0010428987443447113, 0.0015604142099618912, 0.002077929675579071, 0.002595445141196251, 0.003112960606813431, 0.0036304760724306107, 0.0041479915380477905, 0.00466550700366497, 0.00518302246928215, 0.00570053793489933, 0.00621805340051651, 0.00673556886613369, 0.00725308433175087, 0.00777059979736805, 0.00828811526298523, 0.00880563072860241, 0.00932314619421959, 0.009840661659836769, 0.010358177125453949, 0.010875692591071129, 0.011393208056688309, 0.011910723522305489, 0.012428238987922668, 0.012945754453539848, 0.013463269919157028, 0.013980785384774208, 0.014498300850391388, 0.015015816316008568, 0.015533331781625748, 0.016050847247242928]}, "gradients/fc1.weight": {"_type": "histogram", "values": [1.0, 0.0, 0.0, 0.0, 0.0, 0.0, 1.0, 0.0, 1.0, 0.0, 1.0, 0.0, 2.0, 0.0, 0.0, 0.0, 0.0, 0.0, 0.0, 1.0, 0.0, 1.0, 3.0, 1.0, 0.0, 4.0, 3.0, 1.0, 1.0, 1.0, 19.0, 16.0, 10085.0, 52.0, 12.0, 11.0, 1.0, 3.0, 2.0, 5.0, 0.0, 2.0, 0.0, 3.0, 0.0, 0.0, 0.0, 1.0, 0.0, 0.0, 0.0, 1.0, 0.0, 0.0, 1.0, 1.0, 0.0, 1.0, 0.0, 1.0, 0.0, 0.0, 0.0, 1.0], "bins": [-0.09013906866312027, -0.08739164471626282, -0.08464421331882477, -0.08189678937196732, -0.07914936542510986, -0.07640194147825241, -0.07365451753139496, -0.07090708613395691, -0.06815966218709946, -0.065412238240242, -0.06266480684280396, -0.0599173828959465, -0.05716995894908905, -0.0544225350022316, -0.05167510733008385, -0.048927679657936096, -0.046180255711078644, -0.04343283176422119, -0.04068540409207344, -0.03793797641992569, -0.03519055247306824, -0.032443128526210785, -0.029695700854063034, -0.026948275044560432, -0.02420084923505783, -0.02145342342555523, -0.018705997616052628, -0.015958571806550026, -0.013211145997047424, -0.010463720187544823, -0.007716294378042221, -0.0049688685685396194, -0.002221442759037018, 0.0005259830504655838, 0.0032734088599681854, 0.006020834669470787, 0.008768260478973389, 0.01151568628847599, 0.014263112097978592, 0.017010537907481194, 0.019757963716983795, 0.022505389526486397, 0.025252815335989, 0.0280002411454916, 0.0307476669549942, 0.033495090901851654, 0.036242518573999405, 0.038989946246147156, 0.04173737019300461, 0.04448479413986206, 0.04723222181200981, 0.04997964948415756, 0.052727073431015015, 0.05547449737787247, 0.05822192505002022, 0.06096935272216797, 0.06371677666902542, 0.06646420061588287, 0.06921163201332092, 0.07195905596017838, 0.07470647990703583, 0.07745390385389328, 0.08020132780075073, 0.08294875919818878, 0.08569618314504623]}, "gradients/conv2.bias": {"_type": "histogram", "values": [1.0, 0.0, 0.0, 0.0, 0.0, 0.0, 0.0, 0.0, 0.0, 0.0, 1.0, 2.0, 0.0, 0.0, 0.0, 1.0, 0.0, 0.0, 2.0, 0.0, 0.0, 0.0, 0.0, 55.0, 0.0, 0.0, 0.0, 0.0, 0.0, 0.0, 0.0, 0.0, 1.0, 0.0, 0.0, 0.0, 0.0, 0.0, 0.0, 0.0, 0.0, 0.0, 0.0, 0.0, 0.0, 0.0, 0.0, 0.0, 0.0, 0.0, 0.0, 0.0, 0.0, 0.0, 0.0, 0.0, 0.0, 0.0, 0.0, 0.0, 0.0, 0.0, 0.0, 1.0], "bins": [-0.037805721163749695, -0.03617233410477638, -0.03453894704580307, -0.03290555998682976, -0.031272172927856445, -0.029638787731528282, -0.02800540067255497, -0.026372015476226807, -0.024738628417253494, -0.023105241358280182, -0.02147185429930687, -0.019838467240333557, -0.018205082044005394, -0.01657169498503208, -0.01493830792605877, -0.013304921798408031, -0.011671533808112144, -0.010038146749138832, -0.008404760621488094, -0.006771373562514782, -0.005137986969202757, -0.003504600375890732, -0.0018712133169174194, -0.00023782718926668167, 0.0013955608010292053, 0.0030289473943412304, 0.0046623339876532555, 0.006295721046626568, 0.007929107174277306, 0.009562494233250618, 0.01119588129222393, 0.012829267419874668, 0.014462653547525406, 0.016096040606498718, 0.01772942766547203, 0.019362814724445343, 0.020996199920773506, 0.02262958697974682, 0.02426297403872013, 0.025896359235048294, 0.027529746294021606, 0.02916313335299492, 0.03079652041196823, 0.032429907470941544, 0.034063294529914856, 0.03569667786359787, 0.03733006864786148, 0.038963451981544495, 0.040596842765808105, 0.04223022982478142, 0.04386361688375473, 0.04549700394272804, 0.047130391001701355, 0.04876377433538437, 0.05039716511964798, 0.052030548453330994, 0.053663935512304306, 0.05529732257127762, 0.05693070963025093, 0.05856409668922424, 0.060197483748197556, 0.06183087080717087, 0.06346425414085388, 0.06509764492511749, 0.0667310282588005]}, "gradients/conv2.weight": {"_type": "histogram", "values": [1.0, 1.0, 0.0, 0.0, 0.0, 1.0, 0.0, 1.0, 1.0, 0.0, 2.0, 2.0, 1.0, 2.0, 6.0, 3.0, 7.0, 3.0, 1.0, 5.0, 16.0, 20.0, 12.0, 83.0, 50969.0, 22.0, 14.0, 2.0, 1.0, 1.0, 4.0, 1.0, 2.0, 1.0, 1.0, 0.0, 1.0, 1.0, 2.0, 0.0, 1.0, 1.0, 0.0, 1.0, 1.0, 0.0, 1.0, 0.0, 0.0, 0.0, 0.0, 1.0, 0.0, 0.0, 2.0, 0.0, 0.0, 1.0, 0.0, 0.0, 0.0, 0.0, 0.0, 1.0], "bins": [-0.0778122991323471, -0.07457204908132553, -0.07133179157972336, -0.06809154152870178, -0.06485128402709961, -0.06161103397607803, -0.05837078019976616, -0.055130526423454285, -0.05189027637243271, -0.048650022596120834, -0.04540976881980896, -0.042169518768787384, -0.03892926499247551, -0.035689011216163635, -0.03244875743985176, -0.029208505526185036, -0.025968249887228012, -0.022727996110916138, -0.019487744197249413, -0.016247490420937538, -0.013007237575948238, -0.009766984730958939, -0.006526730954647064, -0.003286479040980339, -4.622340202331543e-05, 0.003194029675796628, 0.006434282753616571, 0.009674536064267159, 0.012914788909256458, 0.016155041754245758, 0.019395295530557632, 0.022635547444224358, 0.025875799357891083, 0.029116053134202957, 0.03235630691051483, 0.03559655696153641, 0.03883681073784828, 0.042077064514160156, 0.04531731829047203, 0.048557572066783905, 0.05179782211780548, 0.055038075894117355, 0.05827832967042923, 0.061518579721450806, 0.06475883722305298, 0.06799908727407455, 0.07123933732509613, 0.0744795948266983, 0.07771985232830048, 0.08096010237932205, 0.08420035988092422, 0.0874406099319458, 0.09068086743354797, 0.09392111748456955, 0.09716136753559113, 0.1004016250371933, 0.10364187508821487, 0.10688212513923645, 0.11012238264083862, 0.1133626326918602, 0.11660289019346237, 0.11984314024448395, 0.12308339774608612, 0.1263236403465271, 0.12956389784812927]}, "gradients/conv1.bias": {"_type": "histogram", "values": [1.0, 0.0, 0.0, 0.0, 0.0, 0.0, 0.0, 0.0, 0.0, 0.0, 0.0, 0.0, 0.0, 0.0, 0.0, 0.0, 0.0, 0.0, 0.0, 0.0, 0.0, 0.0, 0.0, 0.0, 0.0, 0.0, 0.0, 0.0, 0.0, 0.0, 28.0, 0.0, 1.0, 0.0, 0.0, 0.0, 0.0, 0.0, 0.0, 0.0, 0.0, 0.0, 0.0, 1.0, 0.0, 0.0, 0.0, 0.0, 0.0, 0.0, 0.0, 0.0, 0.0, 0.0, 0.0, 0.0, 0.0, 0.0, 0.0, 0.0, 0.0, 0.0, 0.0, 1.0],